Age,Baden-Wuerttemberg_Male,Baden-Wuerttemberg_Female,Baden-Wuerttemberg_Total,Bayern_Male,Bayern_Female,Bayern_Total,Berlin_Male,Berlin_Female,Berlin_Total,Brandenburg_Male,Brandenburg_Female,Brandenburg_Total,Bremen_Male,Bremen_Female,Bremen_Total,Hamburg_Male,Hamburg_Female,Hamburg_Total,Hessen_Male,Hessen_Female,Hessen_Total,Mecklenburg-Vorpommern_Male,Mecklenburg-Vorpommern_Female,Mecklenburg-Vorpommern_Total,Niedersachsen_Male,Niedersachsen_Female,Niedersachsen_Total,Nordrhein-Westfalen_Male,Nordrhein-Westfalen_Female,Nordrhein-Westfalen_Total,Rheinland-Pfalz_Male,Rheinland-Pfalz_Female,Rheinland-Pfalz_Total,Saarland_Male,Saarland_Female,Saarland_Total,Sachsen_Male,Sachsen_Female,Sachsen_Total,Sachsen-Anhalt_Male,Sachsen-Anhalt_Female,Sachsen-Anhalt_Total,Schleswig-Holstein_Male,Schleswig-Holstein_Female,Schleswig-Holstein_Total,Th�ringen_Male,Th�ringen_Female,Th�ringen_Total
under 1 year,57332,55412,112744,68709,65286,133995,19578,18493,38071,9891,9403,19294,3454,3277,6731,10422,9934,20356,31752,29640,61392,6062,5841,11903,39334,37086,76420,89514,84551,174065,19776,18906,38682,4252,4108,8360,16721,15737,32458,8277,7705,15982,13094,12362,25456,7929,7416,15345
1 year,56079,52695,108774,66571,63387,129958,19392,18301,37693,10405,9778,20183,3466,3338,6804,10008,9338,19346,30702,28999,59701,6449,5973,12422,38910,36724,75634,88449,83382,171831,19739,18849,38588,4257,4028,8285,17246,16348,33594,8466,8022,16488,12888,12412,25300,8332,7862,16194
2 years,56214,53609,109823,66461,63108,129569,19393,18297,37690,10894,10305,21199,3668,3280,6948,9963,9527,19490,31068,29260,60328,6725,6358,13083,39138,37353,76491,88875,84115,172990,19797,18842,38639,4226,3980,8206,17800,17061,34861,8854,8316,17170,13273,12509,25782,8529,8347,16876
3 years,56934,54181,111115,66405,63228,129633,19290,18415,37705,11626,10883,22509,3515,3411,6926,9981,9438,19419,31701,30061,61762,6983,6636,13619,39750,37493,77243,90697,86069,176766,20236,19330,39566,4295,3995,8290,18634,17753,36387,9163,8782,17945,13715,12963,26678,9109,8662,17771
4 years,56759,54104,110863,66352,63601,129953,19596,18449,38045,12006,11510,23516,3507,3260,6767,10052,9411,19463,31938,30332,62270,7056,6783,13839,39778,38132,77910,91405,85855,177260,20829,19362,40191,4387,4193,8580,19337,18534,37871,9660,9059,18719,13849,13116,26965,9513,9080,18593
5 years,57010,53749,110759,66261,62989,129250,19389,18645,38034,12576,11932,24508,3453,3276,6729,9857,9576,19433,32082,30620,62702,7213,7074,14287,40182,38378,78560,91475,87134,178609,20688,19562,40250,4287,4275,8562,19818,18986,38804,9890,9215,19105,14003,13480,27483,9703,9364,19067
6 years,54617,52691,107308,63875,60825,124700,18653,17441,36094,12231,11418,23649,3441,3142,6583,9417,8992,18409,31332,29445,60777,7457,7085,14542,38973,36661,75634,88497,83500,171997,19854,18775,38629,4328,3930,8258,19831,18567,38398,9594,9191,18785,13650,12905,26555,9868,9211,19079
7 years,54121,50771,104892,62887,59346,122233,18109,17520,35629,12477,11917,24394,3298,3091,6389,9094,8775,17869,30231,29056,59287,7301,6973,14274,39033,36551,75584,87225,82312,169537,19512,18590,38102,4214,3990,8204,19569,18612,38181,9810,9155,18965,13439,13030,26469,9895,9374,19269
8 years,52454,49406,101860,60800,58334,119134,17537,16542,34079,11959,11244,23203,3060,2927,5987,8809,8406,17215,29523,28017,57540,7166,6890,14056,37052,35199,72251,84040,78418,162458,18656,17890,36546,4077,3695,7772,19282,17950,37232,9482,9033,18515,13192,12514,25706,9681,9234,18915
9 years,51677,48949,100626,60857,57337,118194,17525,16547,34072,12091,11575,23666,3059,2867,5926,8692,8173,16865,29555,27779,57334,7311,6853,14164,36957,34969,71926,83886,79366,163252,18662,17431,36093,4044,3822,7866,19153,18220,37373,9542,9073,18615,13434,12677,26111,9691,9081,18772
10 years,50791,48212,99003,58754,55414,114168,16656,15711,32367,11866,11323,23189,2932,2671,5603,8181,7833,16014,29456,27823,57279,7231,6844,14075,36368,34456,70824,81888,77465,159353,18498,17448,35946,4213,3860,8073,18907,17843,36750,9389,8829,18218,12941,12425,25366,9471,8967,18438
11 years,52452,49406,101858,59548,56534,116082,16907,15972,32879,12403,11510,23913,3012,2908,5920,8326,7924,16250,29703,28522,58225,7434,7207,14641,37749,35518,73267,84357,79421,163778,18841,17689,36530,4090,3971,8061,19008,18233,37241,9436,9124,18560,13671,12846,26517,9663,9215,18878
12 years,51853,49141,100994,58809,55608,114417,16495,15696,32191,11958,11314,23272,3150,2837,5987,8293,7663,15956,29584,27819,57403,7271,7071,14342,37407,35092,72499,83353,78426,161779,18497,17276,35773,4112,3921,8033,18642,17449,36091,9410,8867,18277,13569,12618,26187,9112,8934,18046
13 years,52962,50423,103385,60460,57304,117764,16733,15611,32344,12138,11455,23593,3010,2915,5925,8440,7923,16363,30016,28666,58682,7359,7023,14382,38195,36332,74527,86275,80902,167177,19121,17852,36973,4231,4008,8239,18729,17770,36499,9695,9174,18869,13641,13214,26855,9556,8947,18503
14 years,53063,50754,103817,60267,57171,117438,16280,15068,31348,11842,11151,22993,3192,3015,6207,8320,7637,15957,30310,28244,58554,7053,6759,13812,38605,35980,74585,85789,80707,166496,19080,17751,36831,4190,3916,8106,18199,17192,35391,9365,8796,18161,14004,13092,27096,9381,8695,18076
15 years,52718,49962,102680,59455,55854,115309,15343,14770,30113,11285,10577,21862,3140,2895,6035,8266,7479,15745,29438,27909,57347,6927,6491,13418,38188,35771,73959,84917,79763,164680,18690,17302,35992,4228,3785,8013,17311,16447,33758,9148,8228,17376,13769,12913,26682,8895,8154,17049
16 years,53852,51056,104908,60576,56919,117495,15243,14292,29535,11102,10402,21504,3210,2767,5977,8243,7604,15847,30352,28283,58635,6580,6426,13006,38838,36540,75378,86659,80782,167441,18850,17864,36714,4294,4016,8310,17297,16465,33762,8975,8581,17556,13774,12971,26745,8871,8373,17244
17 years,55257,51609,106866,61439,58842,120281,15295,14439,29734,11334,10462,21796,3198,2901,6099,8183,7690,15873,30800,28740,59540,6988,6592,13580,40057,37968,78025,88368,82895,171263,19545,17992,37537,4401,4049,8450,17507,16633,34140,8995,8417,17412,14370,13473,27843,9237,8573,17810
18 years,56528,52306,108834,63083,59659,122742,14966,14491,29457,11049,9984,21033,3258,3120,6378,8333,7805,16138,30928,28867,59795,6850,6458,13308,40627,38553,79180,89814,83432,173246,19778,18548,38326,4417,4093,8510,17162,16536,33698,8884,8191,17075,14395,13608,28003,8923,8304,17227
19 years,58858,54448,113306,66141,61457,127598,15818,15302,31120,10597,9619,20216,3398,3172,6570,8475,8465,16940,32055,29434,61489,6869,6337,13206,42493,39697,82190,92835,86338,179173,20181,19032,39213,4627,4202,8829,17496,16761,34257,9348,8323,17671,14711,13785,28496,9093,8339,17432
20 years,61394,56416,117810,70173,63814,133987,16647,16776,33423,10557,9180,19737,3872,3676,7548,9184,9213,18397,33389,30783,64172,7077,6540,13617,43836,40545,84381,96969,90220,187189,21178,19490,40668,4808,4302,9110,18449,17039,35488,9589,8741,18330,15119,14188,29307,9460,8811,18271
21 years,65442,60314,125756,74576,68139,142715,18626,18511,37137,10732,9562,20294,4230,4051,8281,10437,10143,20580,35515,33179,68694,7414,6766,14180,46686,42114,88800,103229,95352,198581,22511,20743,43254,5098,4526,9624,19636,18020,37656,10274,8858,19132,16104,14846,30950,9797,8856,18653
22 years,68412,60915,129327,78690,69676,148366,19548,19766,39314,10640,8961,19601,4598,4245,8843,11080,10795,21875,37090,33576,70666,7053,6385,13438,47499,42190,89689,105812,96851,202663,22975,21039,44014,5267,4821,10088,19408,17386,36794,10131,8484,18615,16815,14716,31531,9789,8378,18167
23 years,70489,63041,133530,82413,73487,155900,20847,21318,42165,10204,8721,18925,5121,4186,9307,11888,11948,23836,38434,35032,73466,6876,6271,13147,48310,43633,91943,109038,100199,209237,23610,21702,45312,5380,4769,10149,18751,17250,36001,9519,8465,17984,16374,14956,31330,9598,8302,17900
24 years,73848,65857,139705,85641,76948,162589,23353,23259,46612,9878,8446,18324,4991,4524,9515,13058,13120,26178,41287,37077,78364,6980,6258,13238,50348,45317,95665,114745,104984,219729,25108,22771,47879,5751,5198,10949,18948,17305,36253,9836,8398,18234,17111,15318,32429,9688,8331,18019
25 years,73405,65876,139281,84947,77296,162243,24437,24776,49213,9443,8186,17629,4996,4522,9518,13450,13661,27111,40328,36724,77052,6706,5886,12592,49567,44491,94058,114338,105569,219907,25107,22309,47416,5769,5318,11087,18430,16836,35266,9272,7960,17232,16655,15397,32052,9033,7905,16938
26 years,72762,65261,138023,84457,77265,161722,25553,25956,51509,8683,7690,16373,4839,4572,9411,13502,13931,27433,39865,36293,76158,6010,5477,11487,48586,43487,92073,112471,103886,216357,24356,21941,46297,5756,5157,10913,17519,15488,33007,8674,7345,16019,16270,14865,31135,8596,7244,15840
27 years,73527,66316,139843,85437,78579,164016,26819,27010,53829,8446,7548,15994,5021,4534,9555,14351,14551,28902,40122,37230,77352,5728,5120,10848,48992,44188,93180,114398,105927,220325,24799,22720,47519,5764,5405,11169,17048,14963,32011,8230,7068,15298,16612,15004,31616,7904,6847,14751
28 years,75250,68434,143684,89018,82142,171160,28025,28268,56293,8281,7649,15930,4992,4607,9599,14680,14999,29679,40827,38100,78927,5882,5268,11150,50057,44996,95053,117125,109976,227101,25861,23488,49349,6069,5381,11450,17172,15141,32313,8241,7282,15523,16706,15532,32238,8133,7051,15184
29 years,76458,68998,145456,89456,84025,173481,29037,28922,57959,8915,8336,17251,4967,4574,9541,14913,14973,29886,41142,38356,79498,6309,5873,12182,49925,45474,95399,117868,110891,228759,25942,24118,50060,6141,5716,11857,17351,15801,33152,8638,7786,16424,16886,15731,32617,8428,7586,16014
30 years,77388,71334,148722,92221,84729,176950,30730,29945,60675,9973,9848,19821,5111,4625,9736,15419,15413,30832,41843,39772,81615,6957,6576,13533,50429,46452,96881,119314,113336,232650,26759,24550,51309,6310,5717,12027,19771,18064,37835,9579,8658,18237,17337,16305,33642,9455,8491,17946
31 years,81234,74640,155874,96314,89067,185381,34655,33882,68537,14531,14220,28751,5377,4602,9979,16298,16209,32507,44008,41684,85692,10180,9673,19853,52896,48565,101461,123887,117265,241152,27703,25493,53196,6480,5935,12415,27638,25073,52711,13776,12156,25932,18341,17235,35576,13245,11892,25137
32 years,79264,72658,151922,93277,87438,180715,34604,33894,68498,15622,15325,30947,5072,4785,9857,15788,15738,31526,43534,41177,84711,10791,10123,20914,51768,47726,99494,119379,114428,233807,27037,25121,52158,6336,5806,12142,28760,25861,54621,14018,12822,26840,17836,17038,34874,13363,12316,25679
33 years,80674,73872,154546,95279,88866,184145,34681,33899,68580,16550,15996,32546,5171,4755,9926,15968,15819,31787,43902,41477,85379,11338,10523,21861,52815,49113,101928,121428,116381,237809,27703,25771,53474,6422,5964,12386,29226,26749,55975,14679,13362,28041,18548,17354,35902,14416,13078,27494
34 years,77396,71397,148793,92396,85945,178341,34047,32498,66545,16807,16655,33462,4833,4573,9406,15333,14967,30300,42362,40660,83022,11553,10737,22290,51478,48382,99860,118562,113521,232083,26714,25453,52167,6285,5884,12169,29683,27133,56816,14582,13501,28083,18166,17156,35322,14658,13238,27896
35 years,76160,71526,147686,90935,85751,176686,32693,31261,63954,16560,16402,32962,4773,4492,9265,14764,14512,29276,41560,40190,81750,11116,10423,21539,50151,47739,97890,114971,112445,227416,26259,24999,51258,6202,5781,11983,28303,26177,54480,14241,13078,27319,17424,17003,34427,14345,12746,27091
36 years,73571,69139,142710,86948,82652,169600,31669,30074,61743,17210,16542,33752,4577,4287,8864,14088,14170,28258,40208,38673,78881,10961,10405,21366,47665,46670,94335,110466,108688,219154,25195,24128,49323,5925,5525,11450,28725,25931,54656,14235,12771,27006,16676,16665,33341,14178,12716,26894
37 years,72976,69101,142077,86238,82904,169142,30648,28732,59380,16780,16386,33166,4348,4212,8560,14027,13860,27887,40110,39546,79656,10863,10119,20982,47316,45775,93091,109485,107937,217422,25106,24255,49361,5772,5552,11324,27883,25601,53484,14183,12874,27057,16657,16759,33416,14300,12728,27028
38 years,71622,69193,140815,86820,83330,170150,29317,28124,57441,17113,16513,33626,4476,4348,8824,13535,13783,27318,39620,39444,79064,10983,10119,21102,47347,46671,94018,109329,108646,217975,24996,24379,49375,5872,5568,11440,28184,25610,53794,14337,12832,27169,16941,17028,33969,14277,12866,27143
39 years,73095,70778,143873,87751,86046,173797,29358,27850,57208,17398,16601,33999,4492,4439,8931,13622,13713,27335,40644,40708,81352,11191,10169,21360,47830,47678,95508,111591,111349,222940,25573,24912,50485,5986,5722,11708,28700,25514,54214,14259,12689,26948,17292,17879,35171,14785,13009,27794
40 years,72260,70621,142881,86896,86035,172931,28259,27465,55724,17140,16406,33546,4384,4132,8516,13448,14005,27453,39925,41128,81053,10831,9841,20672,47597,48006,95603,109547,110946,220493,25512,25354,50866,5983,5563,11546,27880,24798,52678,14130,12518,26648,17166,17815,34981,14255,12727,26982
41 years,72512,71277,143789,86162,85568,171730,27691,26441,54132,17883,16899,34782,4303,4104,8407,13401,13800,27201,40657,41182,81839,10914,10149,21063,47589,48603,96192,109643,112160,221803,24741,25044,49785,5928,5685,11613,28385,25497,53882,14339,12841,27180,17379,18198,35577,14612,13043,27655
42 years,67781,67608,135389,82479,81963,164442,25658,24710,50368,17177,16082,33259,4134,3823,7957,12636,12855,25491,38833,39706,78539,10892,9690,20582,45653,46245,91898,103290,106694,209984,23927,23911,47838,5432,5632,11064,27458,24189,51647,13751,12181,25932,16518,17265,33783,14028,12434,26462
43 years,66301,65789,132090,80952,81026,161978,24646,23510,48156,16948,16177,33125,4090,3864,7954,12572,12437,25009,38434,39233,77667,10661,9597,20258,45574,45906,91480,102073,105146,207219,23688,23554,47242,5173,5445,10618,27256,24418,51674,13568,12204,25772,16725,17091,33816,13492,12033,25525
44 years,65804,65290,131094,80872,79974,160846,23748,23040,46788,16403,15526,31929,3843,3903,7746,12241,12176,24417,37577,38972,76549,10477,9199,19676,45158,45631,90789,102819,104721,207540,23199,23595,46794,5299,5515,10814,26649,23689,50338,13093,11723,24816,16430,17144,33574,13266,11902,25168
45 years,66341,65360,131701,79733,79523,159256,22481,22250,44731,14987,14101,29088,3927,3881,7808,12018,12240,24258,37761,38855,76616,9146,8095,17241,45192,45900,91092,102576,105695,208271,22947,23155,46102,5159,5175,10334,23593,21305,44898,11715,10500,22215,16487,17318,33805,11808,10736,22544
46 years,64672,64737,129409,78142,78174,156316,21718,20981,42699,14263,13267,27530,3884,3834,7718,11632,11494,23126,37070,37528,74598,8639,7672,16311,44320,44644,88964,100224,102787,203011,22413,22851,45264,5114,5053,10167,22620,20168,42788,11292,9917,21209,16239,16783,33022,11512,10160,21672
47 years,65748,66407,132155,79226,79424,158650,21027,20515,41542,13699,13169,26868,3826,3696,7522,11665,11387,23052,37719,38119,75838,8438,7559,15997,45183,46360,91543,101174,104539,205713,22453,23189,45642,5091,5227,10318,22505,19751,42256,11375,10390,21765,16250,16778,33028,11838,10507,22345
48 years,65502,65887,131389,78855,79095,157950,20253,20072,40325,13904,13414,27318,3837,3852,7689,11189,11403,22592,37687,38346,76033,8572,7832,16404,45885,47249,93134,102256,105605,207861,23038,23498,46536,5121,5249,10370,22642,19991,42633,11947,10679,22626,16681,17322,34003,12143,10942,23085
49 years,70600,70856,141456,84569,85011,169580,21255,20631,41886,15643,14590,30233,4065,4051,8116,11721,11654,23375,40165,40861,81026,9305,8649,17954,50520,51059,101579,110726,113182,223908,24849,25669,50518,5643,5843,11486,24778,21775,46553,13567,12349,25916,18107,18840,36947,13835,12090,25925
50 years,76082,75474,151556,91323,91419,182742,23394,22613,46007,18155,17093,35248,4308,4301,8609,12441,12306,24747,43351,43848,87199,10738,9874,20612,55098,56275,111373,120805,123691,244496,27311,27911,55222,6191,6467,12658,28686,25488,54174,16052,14576,30628,20316,21046,41362,15370,13707,29077
51 years,78812,78466,157278,94700,94447,189147,23537,22985,46522,18153,17582,35735,4584,4409,8993,12743,12548,25291,45217,45650,90867,10878,10269,21147,57716,58786,116502,126555,128055,254610,28755,29125,57880,6496,6589,13085,28416,25619,54035,15887,15026,30913,21356,21703,43059,15451,14239,29690
52 years,84730,83457,168187,102804,101096,203900,24638,23746,48384,18786,18438,37224,4862,4707,9569,13358,12927,26285,48734,48294,97028,11172,10699,21871,63018,63167,126185,138715,139631,278346,31183,31278,62461,7206,7367,14573,28283,26112,54395,16341,15496,31837,23557,24115,47672,15514,14446,29960
53 years,88134,87087,175221,107017,104838,211855,25713,24976,50689,19783,19559,39342,5130,4973,10103,14305,13837,28142,51113,50215,101328,11860,11540,23400,66122,66173,132295,145004,145798,290802,32985,32892,65877,7663,7915,15578,28527,26642,55169,16769,15949,32718,24954,25584,50538,15536,14860,30396
54 years,90128,88215,178343,109197,107204,216401,25700,25025,50725,20850,20552,41402,5167,5010,10177,14238,13893,28131,51537,51250,102787,12195,12216,24411,67658,68322,135980,148152,148410,296562,33619,33991,67610,7991,8091,16082,29296,27633,56929,17281,16786,34067,25903,26365,52268,15851,15592,31443
55 years,91634,89935,181569,109584,107809,217393,26366,26364,52730,22132,22051,44183,5306,5093,10399,14282,14016,28298,52523,51891,104414,13259,13111,26370,69111,68958,138069,151375,151402,302777,35235,34820,70055,8358,8386,16744,30526,29582,60108,17964,17427,35391,25909,26516,52425,17049,16545,33594
56 years,91116,88955,180071,108810,106091,214901,27351,26791,54142,23230,22758,45988,5265,5171,10436,13678,13568,27246,52195,52003,104198,13956,13827,27783,68332,67825,136157,150291,150166,300457,35005,34962,69967,8326,8740,17066,31808,30629,62437,18612,18405,37017,25246,26259,51505,17373,17194,34567
57 years,92116,90160,182276,109412,108078,217490,27466,27387,54853,24100,23543,47643,5217,5084,10301,13830,13684,27514,52682,51889,104571,14676,14510,29186,68109,68829,136938,151752,151629,303381,35703,35633,71336,8508,8951,17459,32408,32383,64791,19165,19275,38440,25800,26037,51837,18260,18138,36398
58 years,90441,88669,179110,106723,106882,213605,27206,27060,54266,24649,24336,48985,4905,5096,10001,13125,13106,26231,51318,50901,102219,15090,15176,30266,67007,67365,134372,147972,148559,296531,35615,35342,70957,8661,8873,17534,32994,32525,65519,19927,19742,39669,24709,25575,50284,18509,18619,37128
59 years,86919,85849,172768,102717,103469,206186,25658,25773,51431,24312,24124,48436,4833,4977,9810,12037,12236,24273,48752,48957,97709,15007,15131,30138,64105,65324,129429,140835,142317,283152,34340,34672,69012,8543,8746,17289,32178,31977,64155,19363,19786,39149,23410,24260,47670,18229,18413,36642
60 years,83928,84607,168535,100518,101377,201895,23943,24647,48590,23787,23771,47558,4565,4734,9299,11333,11805,23138,46839,47762,94601,15120,15239,30359,63217,64274,127491,136344,140063,276407,33969,34420,68389,8743,8694,17437,31599,32358,63957,19255,19620,38875,22728,23618,46346,18644,19003,37647
61 years,80617,82340,162957,95814,97013,192827,23184,23068,46252,22550,22956,45506,4373,4602,8975,11000,11297,22297,45139,45907,91046,14497,14995,29492,59866,61490,121356,132338,136684,269022,32305,33440,65745,8240,8551,16791,30240,30967,61207,18652,18919,37571,21551,22512,44063,17652,18016,35668
62 years,76920,78380,155300,91998,93459,185457,21854,22292,44146,21978,22092,44070,4220,4556,8776,10285,10806,21091,43341,44340,87681,14101,14659,28760,57764,59530,117294,127684,132573,260257,31332,31914,63246,8462,8451,16913,29722,30842,60564,17805,18799,36604,20759,21805,42564,17525,18042,35567
63 years,72586,74300,146886,86517,88720,175237,19591,20391,39982,20040,20374,40414,4020,4349,8369,9674,10312,19986,40657,41873,82530,13322,13768,27090,54110,55859,109969,120084,125177,245261,29382,30210,59592,7976,8128,16104,27091,28693,55784,16761,17476,34237,19532,20392,39924,16150,16782,32932
64 years,69755,71672,141427,82678,85902,168580,18538,19577,38115,19418,19722,39140,3952,4341,8293,9109,9793,18902,39135,40781,79916,12936,13378,26314,52457,54999,107456,116276,121547,237823,28965,29603,58568,7604,7825,15429,26663,28596,55259,16211,17387,33598,18479,20155,38634,15958,16746,32704
65 years,66596,70182,136778,78964,82084,161048,17942,19246,37188,19000,19573,38573,3694,4082,7776,8530,9335,17865,37242,39304,76546,12659,13573,26232,50044,52500,102544,110230,117226,227456,27421,28649,56070,7200,7546,14746,26866,28995,55861,16002,17737,33739,17442,18846,36288,16085,17014,33099
66 years,62178,66475,128653,73057,77953,151010,17267,19175,36442,18826,19597,38423,3539,3996,7535,7985,8753,16738,34975,37639,72614,12735,13687,26422,47689,50497,98186,103561,112985,216546,26057,27560,53617,6715,7204,13919,27392,30108,57500,16679,17816,34495,16780,18406,35186,15927,17180,33107
67 years,58595,64759,123354,69760,76437,146197,16586,19076,35662,18066,19421,37487,3358,3918,7276,7563,8634,16197,33748,36950,70698,12601,13467,26068,45620,49696,95316,99765,110689,210454,25249,26918,52167,6676,7272,13948,26632,30027,56659,16008,17387,33395,16402,18302,34704,15478,16888,32366
68 years,55549,62323,117872,66180,73302,139482,15951,18749,34700,17539,19068,36607,3224,3742,6966,7021,8319,15340,31393,35286,66679,12198,13177,25375,43678,47834,91512,93156,105556,198712,24148,26308,50456,6490,7031,13521,26406,30114,56520,15623,17682,33305,15692,17227,32919,15267,16683,31950
69 years,54840,61891,116731,65441,73903,139344,15375,18653,34028,16818,18631,35449,3113,3772,6885,7106,8366,15472,31429,35506,66935,11484,12852,24336,43656,47760,91416,90757,103996,194753,23954,25720,49674,6339,6779,13118,26696,30281,56977,15351,17316,32667,15456,17161,32617,14940,16522,31462
70 years,52769,59462,112231,62539,70867,133406,15447,18880,34327,16371,17765,34136,3120,3755,6875,6811,8279,15090,30356,34830,65186,10971,12325,23296,42637,46801,89438,86463,99909,186372,23160,24944,48104,5914,6567,12481,26627,31109,57736,14342,16734,31076,15311,16966,32277,14642,16373,31015
71 years,51987,59849,111836,62825,70971,133796,15732,19653,35385,14912,16859,31771,3108,3688,6796,6893,8503,15396,31041,35218,66259,10201,11210,21411,42135,46232,88367,85644,98937,184581,23097,25023,48120,6005,6573,12578,25299,29654,54953,13947,16243,30190,15200,17151,32351,13539,15668,29207
72 years,50886,57914,108800,60420,68944,129364,14655,18115,32770,12544,14224,26768,3125,3655,6780,6877,8419,15296,30512,34721,65233,8590,9687,18277,41195,45246,86441,84738,97468,182206,21834,24122,45956,6098,6604,12702,21714,25828,47542,11993,14522,26515,15080,16777,31857,12007,13651,25658
73 years,46649,52484,99133,56939,64698,121637,13331,16372,29703,10753,12077,22830,2870,3367,6237,6737,8011,14748,28408,32102,60510,7249,8307,15556,37811,41403,79214,75788,88525,164313,18550,20515,39065,5077,5656,10733,17172,20689,37861,9975,12126,22101,14306,16348,30654,10047,11792,21839
74 years,42414,48755,91169,54892,62766,117658,12250,15395,27645,9800,11624,21424,2667,3270,5937,6408,7510,13918,25892,30184,56076,6563,7695,14258,33269,37804,71073,68520,80826,149346,16141,18135,34276,4061,4609,8670,16533,20820,37353,9618,11771,21389,13145,15010,28155,9408,11195,20603
75 years,36155,42146,78301,46537,55159,101696,9632,11526,21158,6438,7830,14268,2624,3067,5691,5726,6951,12677,21811,25299,47110,4358,5002,9360,30260,35003,65263,60941,73658,134599,14022,15974,29996,3142,3761,6903,12278,15325,27603,7530,9418,16948,11936,14039,25975,7433,9226,16659
76 years,30081,36152,66233,36952,44140,81092,10334,13118,23452,7375,9298,16673,1998,2461,4459,4936,6260,11196,17567,20914,38481,4422,5425,9847,23382,27297,50679,49429,61923,111352,11296,13526,24822,2832,3397,6229,13835,18201,32036,7386,9600,16986,9446,11606,21052,6864,8600,15464
77 years,38480,46410,84890,47187,56082,103269,13419,16920,30339,10729,13741,24470,2414,2985,5399,6180,7732,13912,23003,27626,50629,6441,8103,14544,30102,36485,66587,62844,79003,141847,14498,17450,31948,3684,4607,8291,20095,25851,45946,10080,13239,23319,12433,14967,27400,9715,12391,22106
78 years,37522,46849,84371,45949,55467,101416,13892,17865,31757,11423,14396,25819,2530,3041,5571,6117,7731,13848,22282,26944,49226,6751,8729,15480,30598,36821,67419,61428,78051,139479,14148,17078,31226,3477,4434,7911,19205,25428,44633,10214,13363,23577,12620,15180,27800,9589,12079,21668
79 years,36785,44856,81641,43187,53099,96286,12664,16623,29287,10632,13835,24467,2335,3121,5456,5741,7354,13095,20547,25245,45792,6212,8351,14563,28700,35247,63947,57732,74522,132254,13372,16331,29703,3267,4346,7613,17184,23294,40478,9584,13167,22751,11681,14404,26085,8438,11409,19847
80 years,41667,54070,95737,49884,64169,114053,14068,18781,32849,12640,16709,29349,2533,3430,5963,6313,8292,14605,23754,29870,53624,7615,10378,17993,33238,42176,75414,65783,87956,153739,15627,20306,35933,4064,5496,9560,20313,28211,48524,11250,15499,26749,13716,16914,30630,10365,14178,24543
81 years,41538,55401,96939,50094,66765,116859,12631,17475,30106,11866,16485,28351,2596,3383,5979,6104,8503,14607,23897,31459,55356,7116,10280,17396,32688,43062,75750,67078,92540,159618,15958,21636,37594,3920,5600,9520,19995,28028,48023,10863,15398,26261,13133,16709,29842,10391,15052,25443
82 years,39023,53062,92085,47053,63927,110980,11081,16110,27191,10833,15590,26423,2316,3356,5672,5475,7875,13350,21987,29864,51851,6684,10197,16881,30203,41117,71320,62567,88549,151116,15131,20207,35338,3809,5569,9378,18111,26851,44962,9781,14514,24295,12254,16091,28345,9629,13944,23573
83 years,33890,47893,81783,39711,55571,95282,9723,14484,24207,9175,13799,22974,2072,3124,5196,4827,7220,12047,18921,26215,45136,5841,9022,14863,27000,37612,64612,55098,80250,135348,13147,18151,31298,3284,4845,8129,15415,23170,38585,7984,12524,20508,10657,14559,25216,7815,11570,19385
84 years,29481,42069,71550,33336,48391,81727,8288,13126,21414,7837,12124,19961,1758,2687,4445,4342,6300,10642,16251,23192,39443,4832,7795,12627,22883,32745,55628,47660,72343,120003,11244,16281,27525,3021,4720,7741,12971,20197,33168,6845,11037,17882,9174,12645,21819,6281,10117,16398
85 years,25766,38105,63871,28485,43279,71764,7373,11629,19002,6974,11114,18088,1564,2478,4042,3779,5844,9623,14479,21091,35570,4139,7250,11389,19396,29580,48976,41456,65185,106641,9985,14857,24842,2673,4376,7049,11374,18648,30022,5878,10080,15958,7767,11244,19011,5601,9184,14785
86 years,22195,33785,55980,23827,38240,62067,6377,10436,16813,5943,9984,15927,1289,2146,3435,3174,5310,8484,11880,18733,30613,3650,6444,10094,16527,26364,42891,35738,58400,94138,8357,13230,21587,2175,3633,5808,10236,16769,27005,4921,9043,13964,6405,10033,16438,4609,8153,12762
87 years,17624,28152,45776,19315,32320,51635,5223,8911,14134,4747,8287,13034,1023,1875,2898,2400,4344,6744,9631,15828,25459,2991,5442,8433,13214,22204,35418,29236,50066,79302,6805,11051,17856,1658,2870,4528,8117,14460,22577,3991,7759,11750,5138,8132,13270,3779,6846,10625
88 years,12731,21206,33937,13786,24416,38202,3216,5861,9077,3094,5781,8875,683,1290,1973,1670,2995,4665,6697,11435,18132,1953,3996,5949,8737,15716,24453,19638,35653,55291,4688,8115,12803,1255,2235,3490,5366,10085,15451,2556,5446,8002,3174,5650,8824,2489,4694,7183
89 years,10367,18584,28951,11504,21857,33361,2550,4905,7455,2626,5010,7636,532,1142,1674,1368,2611,3979,5541,10139,15680,1707,3512,5219,7152,13972,21124,16495,31563,48058,3902,7120,11022,1016,2052,3068,4194,8651,12845,2218,4709,6927,2562,4817,7379,1991,4247,6238
90 years and over,33005,76350,109355,36003,86061,122064,8452,21529,29981,7341,19610,26951,1956,5091,7047,4898,12106,17004,18668,44146,62814,4545,12751,17296,23637,60472,84109,52555,133418,185973,12739,31249,43988,3113,8082,11195,13421,37658,51079,6026,18798,24824,8711,21373,30084,5847,16832,22679
Total,5526110,5598532,11124642,6532222,6644767,13176989,1807826,1869646,3677472,1250325,1287543,2537868,334319,342144,676463,907682,946253,1853935,3108589,3186428,6295017,793443,817717,1611160,3962947,4064084,8027031,8795533,9129058,17924591,2030323,2076162,4106485,482439,499909,982348,1992884,2050118,4043002,1067143,1102110,2169253,1431064,1490941,2922005,1043936,1064927,2108863
